ORGAO;orgao_no;orgao_sg;nat_jur_orgao_co;nat_jur_orgao_no;orgao_vinc_co;orgao_vinc_no
101;SUPERIOR TRIBUNAL DE JUSTICA;STJ;1;ADMINISTRACAO DIRETA FEDERAL;101;SUPERIOR TRIBUNAL DE JUSTICA
102;FUNDACAO ASSEFAZ;ASSEFAZ;4;FUNDACAO FEDERAL;102;FUNDACAO ASSEFAZ
153;EMPRESA BRASILEIRA DE TELECOMUNICACOES;EMBRATEL;5;EMPRESA PUBLICA;153;EMPRESA BRASILEIRA DE TELECOMUNICACOES
157;GOVERNO DO ESTADO DO MARANHAO;ESTADO/MA;10;SERVICO PUBLICO ESTADUAL;157;GOVERNO DO ESTADO DO MARANHAO
159;PREFEITURA MUNICIPAL DE TRES PONTAS - MG;PMTP-MG;7;SERVICO PUBLICO MUNICIPAL;159;PREFEITURA MUNICIPAL DE TRES PONTAS - MG
160;ASSEMBLEIA LEGISLATIVA - MG;AL-MG;10;SERVICO PUBLICO ESTADUAL;160;ASSEMBLEIA LEGISLATIVA - MG
161;PREFEITURA MUNICIPAL DE BLUMENAU - SC;PREF.BLUME;7;SERVICO PUBLICO MUNICIPAL;161;PREFEITURA MUNICIPAL DE BLUMENAU - SC
162;TRIBUNAL REGIONAL ELEITORAL - BA;TRE-BA;1;ADMINISTRACAO DIRETA FEDERAL;162;TRIBUNAL REGIONAL ELEITORAL - BA
163;TRIBUNAL REGIONAL ELEITORAL - MT;TRE-MT;1;ADMINISTRACAO DIRETA FEDERAL;163;TRIBUNAL REGIONAL ELEITORAL - MT
164;TRIBUNAL REGIONAL ELEITORAL;TRE;1;ADMINISTRACAO DIRETA FEDERAL;164;TRIBUNAL REGIONAL ELEITORAL
165;TRIBUNAL REGIONAL ELEITORAL - RS;TRE-RS;1;ADMINISTRACAO DIRETA FEDERAL;165;TRIBUNAL REGIONAL ELEITORAL - RS
166;TRIBUNAL REGIONAL ELEITORAL - SP;TRE-SP;1;ADMINISTRACAO DIRETA FEDERAL;166;TRIBUNAL REGIONAL ELEITORAL - SP
167;TRIBUNAL REGIONAL ELEITORAL - RO;TRE-RO;1;ADMINISTRACAO DIRETA FEDERAL;167;TRIBUNAL REGIONAL ELEITORAL - RO
168;TRIBUNAL REGIONAL ELEITORAL - SC;TRE-SC;1;ADMINISTRACAO DIRETA FEDERAL;168;TRIBUNAL REGIONAL ELEITORAL - SC
4000;TRIBUNAL SUPERIOR DO TRABALHO;TST;1;ADMINISTRACAO DIRETA FEDERAL;4000;TRIBUNAL SUPERIOR DO TRABALHO
10000;SUPREMO TRIBUNAL FEDERAL;STF;1;ADMINISTRACAO DIRETA FEDERAL;10000;SUPREMO TRIBUNAL FEDERAL
12001;JUSTICA FEDERAL SC JUDI EST. DE SERGIPE;JUDFEDSE;10;SERVICO PUBLICO ESTADUAL;12001;JUSTICA FEDERAL SC JUDI EST. DE SERGIPE
12002;JUSTICA FEDERAL - AP;JF/AP;1;ADMINISTRACAO DIRETA FEDERAL;12002;JUSTICA FEDERAL - AP
13000;MINIST.DA AGRICULTURA,PECUARIA E ABAST.;MAPA;1;ADMINISTRACAO DIRETA FEDERAL;13000;MINIST.DA AGRICULTURA,PECUARIA E ABAST.
15000;MINISTERIO DA EDUCACAO;MEC;1;ADMINISTRACAO DIRETA FEDERAL;15000;MINISTERIO DA EDUCACAO
16000;COMANDO DO EXERCITO;C.EX;1;ADMINISTRACAO DIRETA FEDERAL;40105;MINISTERIO DA DEFESA
16100;FUNDACAO OSORIO;F.OSORIO;4;FUNDACAO FEDERAL;40105;MINISTERIO DA DEFESA
17000;MINISTERIO DA ECONOMIA;ME;1;ADMINISTRACAO DIRETA FEDERAL;17000;MINISTERIO DA ECONOMIA
17100;CONSELHO NACIONAL DE JUSTICA;CNJ;15;PODER JUDICIARIO FEDERAL;17100;CONSELHO NACIONAL DE JUSTICA
17200;MINISTERIO DOS POVOS INDIGENAS;MPI;1;ADMINISTRACAO DIRETA FEDERAL;20101;PRESIDENCIA DA REPUBLICA
20000;MINIST. DA JUSTICA E SEGURANCA PUBLICA;MJ;1;ADMINISTRACAO DIRETA FEDERAL;20000;MINIST. DA JUSTICA E SEGURANCA PUBLICA
20101;PRESIDENCIA DA REPUBLICA;PR;1;ADMINISTRACAO DIRETA FEDERAL;20101;PRESIDENCIA DA REPUBLICA
20102;VICE-PRESIDENCIA DA REPUBLICA;VPR;1;ADMINISTRACAO DIRETA FEDERAL;20101;PRESIDENCIA DA REPUBLICA
20103;SECRETARIA DA ADMINISTRACAO FEDERAL;SAF/PR;1;ADMINISTRACAO DIRETA FEDERAL;20103;SECRETARIA DA ADMINISTRACAO FEDERAL
20104;SECRETARIA DE ASSUNTOS ESTRATEGICOS / PR;SAE;1;ADMINISTRACAO DIRETA FEDERAL;20104;SECRETARIA DE ASSUNTOS ESTRATEGICOS / PR
20106;CONSULTORIA GERAL DA REPUBLICA;CGR/PR;1;ADMINISTRACAO DIRETA FEDERAL;20106;CONSULTORIA GERAL DA REPUBLICA
20108;SECRETARIA DA CIENCIA E TECNOLOGIA;SCT;1;ADMINISTRACAO DIRETA FEDERAL;20108;SECRETARIA DA CIENCIA E TECNOLOGIA
20109;SECRETARIA DO DESENVOLVIMENTO REGIONAL;SEC.DES.RE;1;ADMINISTRACAO DIRETA FEDERAL;20109;SECRETARIA DO DESENVOLVIMENTO REGIONAL
20111;SECRETARIA DO MEIO AMBIENTE;SEC.MEIO-A;1;ADMINISTRACAO DIRETA FEDERAL;20111;SECRETARIA DO MEIO AMBIENTE
20113;MINISTERIO DO PLANEJ. DESENV. E GESTAO;MP;1;ADMINISTRACAO DIRETA FEDERAL;20113;MINISTERIO DO PLANEJ. DESENV. E GESTAO
20114;AGENCIA BRASILEIRA DE INTELIGENCIA;ABIN;1;ADMINISTRACAO DIRETA FEDERAL;20101;PRESIDENCIA DA REPUBLICA
20115;DEPARTAMENTO DE POLICIA FEDERAL;DPF;1;ADMINISTRACAO DIRETA FEDERAL;20000;MINIST. DA JUSTICA E SEGURANCA PUBLICA
20224;AGENCIA NACIONAL DO CINEMA;ANCINE;9;AUTARQUIA ESPECIAL;54000;MINISTERIO DO TURISMO
20302;NUCLEBRAS EQUIPAMENTOS PESADOS;NUCLEP;5;EMPRESA PUBLICA;32000;MINISTERIO DE MINAS E ENERGIA
20304;INDUSTRIAS NUCLEARES DO BRASIL;INB;5;EMPRESA PUBLICA;32000;MINISTERIO DE MINAS E ENERGIA
20404;BIBLIOTECA NACIONAL;BIBLIOTECA;4;FUNDACAO FEDERAL;20404;BIBLIOTECA NACIONAL
20410;FUNDACAO NACIONAL PRO-LEITURA;PRO-LEITUR;4;FUNDACAO FEDERAL;20410;FUNDACAO NACIONAL PRO-LEITURA
20411;INSTITUTO BRASILEIRO DO PATRIMONIO CULTU;IBPC;3;AUTARQUIA FEDERAL;20411;INSTITUTO BRASILEIRO DO PATRIMONIO CULTU
20415;EMPRESA BRASIL DE COMUNICACAO;EBC;5;EMPRESA PUBLICA;20101;PRESIDENCIA DA REPUBLICA
20502;FINANCIADORA DE ESTUDOS E PROJETOS;FINEP;5;EMPRESA PUBLICA;40108;MINISTERIO CIENCIA TEC.INOV.COMUNICACOES
20605;COMPANHIA DE DESENVOLV. DE BARCAREMA;CODEBAR;5;EMPRESA PUBLICA;40111;MINISTERIO DO MEIO AMBIENTE
20924;FUNDO NACIONAL DE DESENVOLVIMENTO;FND;3;AUTARQUIA FEDERAL;20924;FUNDO NACIONAL DE DESENVOLVIMENTO
21000;COMANDO DA AERONAUTICA;C.AER;1;ADMINISTRACAO DIRETA FEDERAL;40105;MINISTERIO DA DEFESA
21201;CAIXA DE FINANCIAMENTO IMOB.AERONAUTICA;CFIA;3;AUTARQUIA FEDERAL;40105;MINISTERIO DA DEFESA
21300;AGENCIA ESPACIAL BRASILEIRA;AEB;3;AUTARQUIA FEDERAL;40108;MINISTERIO CIENCIA TEC.INOV.COMUNICACOES
22200;COMPANHIA NACIONAL DE ABASTECIMENTO;CONAB;5;EMPRESA PUBLICA;13000;MINIST.DA AGRICULTURA,PECUARIA E ABAST.
22202;EMPRESA BRASILEIRA DE PESQ. AGROPECUARIA;EMBRAPA;5;EMPRESA PUBLICA;13000;MINIST.DA AGRICULTURA,PECUARIA E ABAST.
22203;COMPANHIA DESENV. DO VALE SAO FRANCISCO;CODEVASF;5;EMPRESA PUBLICA;40112;MINISTERIO DO DESENVOLVIMENTO REGIONAL
23000;MINISTERIO DA PREVIDENCIA SOCIAL;MPS;1;ADMINISTRACAO DIRETA FEDERAL;23000;MINISTERIO DA PREVIDENCIA SOCIAL
23203;FUNDACAO PROJETO RONDON;F.P.RONDON;4;FUNDACAO FEDERAL;23203;FUNDACAO PROJETO RONDON
23804;FUNDO DE PREVIDENCIA E ASSISTENCIA SOCIA;FPAS;3;AUTARQUIA FEDERAL;23804;FUNDO DE PREVIDENCIA E ASSISTENCIA SOCIA
23902;FUNDO DE CUSTEIO DE PROGRAMAS DE HAB. PO;FEHAP;3;AUTARQUIA FEDERAL;23902;FUNDO DE CUSTEIO DE PROGRAMAS DE HAB. PO
24100;TELEBRAS - TELECOM. BRASILEIRAS S.A.;TELEBRAS;6;SOCIEDADE ECONOMIA  MISTA;40108;MINISTERIO CIENCIA TEC.INOV.COMUNICACOES
24203;FUNDACAO NACIONAL DE ARTES;FUNARTE;4;FUNDACAO FEDERAL;54000;MINISTERIO DO TURISMO
24204;INSTITUTO DO PATR.HIST.E ART. NACIONAL;IPHAN;3;AUTARQUIA FEDERAL;54000;MINISTERIO DO TURISMO
24205;FUNDACAO BIBLIOTECA NACIONAL;FBN;4;FUNDACAO FEDERAL;54000;MINISTERIO DO TURISMO
24209;CENTRO NAC.TECNO.ELETRONICA AVANCADA S.A;CEITEC;5;EMPRESA PUBLICA;40108;MINISTERIO CIENCIA TEC.INOV.COMUNICACOES
25000;MINISTERIO DA SAUDE;MS;1;ADMINISTRACAO DIRETA FEDERAL;25000;MINISTERIO DA SAUDE
25201;BANCO CENTRAL DO BRASIL;BACEN;3;AUTARQUIA FEDERAL;20101;PRESIDENCIA DA REPUBLICA
25202;CONS. DE CONTROLE DE ATIV. FINANCEIRAS;COAF;1;ADMINISTRACAO DIRETA FEDERAL;17000;MINISTERIO DA ECONOMIA
25207;SERVICO FED. DE PROCESSAMENTO DE DADOS;SERPRO;5;EMPRESA PUBLICA;17000;MINISTERIO DA ECONOMIA
25211;CASA DA MOEDA DO BRASIL;CMB;5;EMPRESA PUBLICA;17000;MINISTERIO DA ECONOMIA
25220;CAIXA ECONOMICA FEDERAL;CEF;5;EMPRESA PUBLICA;25220;CAIXA ECONOMICA FEDERAL
25281;BANCO DO BRASIL S/A;BB;6;SOCIEDADE ECONOMIA  MISTA;25281;BANCO DO BRASIL S/A
25282;BANCO DO NORDESTE DO BRASIL;BNB;6;SOCIEDADE ECONOMIA  MISTA;17000;MINISTERIO DA ECONOMIA
25823;BANCO DO ESTADO DE GOIAS/SA;BEG/SA;3;AUTARQUIA FEDERAL;25823;BANCO DO ESTADO DE GOIAS/SA
25901;FUNDO DE COMPENSACAO E VARIACOES SALARIA;FCVS;3;AUTARQUIA FEDERAL;25901;FUNDO DE COMPENSACAO E VARIACOES SALARIA
25902;FUNDO DE INVESTIMENTO DO NORDESTE;FINOR;3;AUTARQUIA FEDERAL;25902;FUNDO DE INVESTIMENTO DO NORDESTE
25903;FUNDO DE INVESTIMENTO DA AMAZONIA;FINAM;3;AUTARQUIA FEDERAL;25903;FUNDO DE INVESTIMENTO DA AMAZONIA
25904;FUNDO DE ESTABILIDADE DO SEGURO RURAL;FESR;3;AUTARQUIA FEDERAL;25904;FUNDO DE ESTABILIDADE DO SEGURO RURAL
25905;FUNDO DE APOIO AO DESENVOLVIMENTO SOCIAL;FADS;3;AUTARQUIA FEDERAL;25905;FUNDO DE APOIO AO DESENVOLVIMENTO SOCIAL
26000;MINISTERIO DO TRABALHO E EMPREGO;MTB;1;ADMINISTRACAO DIRETA FEDERAL;26000;MINISTERIO DO TRABALHO E EMPREGO
26104;INSTITUTO NACIONAL DE EDUCACAO DE SURDOS;INES;3;AUTARQUIA FEDERAL;15000;MINISTERIO DA EDUCACAO
26105;INSTITUTO BENJAMIN CONSTANT;I.B.CONST;3;AUTARQUIA FEDERAL;15000;MINISTERIO DA EDUCACAO
26106;FUNDO NACIONAL DE DESENVOLV. DA EDUCACAO;FNDE;3;AUTARQUIA FEDERAL;15000;MINISTERIO DA EDUCACAO
26107;INST.NACIONAL DE EST.E PESQ.EDUCACIONAIS;INEP;3;AUTARQUIA FEDERAL;15000;MINISTERIO DA EDUCACAO
26201;COLEGIO PEDRO II;C.PEDROII;3;AUTARQUIA FEDERAL;15000;MINISTERIO DA EDUCACAO
26230;FUND.UNIV.FED.DO VALE DO SAO FRANCISCO;UNIVASF;4;FUNDACAO FEDERAL;15000;MINISTERIO DA EDUCACAO
26231;UNIVERSIDADE FEDERAL DE ALAGOAS;UFAL;3;AUTARQUIA FEDERAL;15000;MINISTERIO DA EDUCACAO
26232;UNIVERSIDADE FEDERAL DA BAHIA;UFBA;3;AUTARQUIA FEDERAL;15000;MINISTERIO DA EDUCACAO
26233;UNIVERSIDADE FEDERAL DO CEARA;UFCE;3;AUTARQUIA FEDERAL;15000;MINISTERIO DA EDUCACAO
26234;UNIVERSIDADE FEDERAL DO ESPIRITO SANTO;UFES;3;AUTARQUIA FEDERAL;15000;MINISTERIO DA EDUCACAO
26235;UNIVERSIDADE FEDERAL DE GOIAS;UFGO;3;AUTARQUIA FEDERAL;15000;MINISTERIO DA EDUCACAO
26236;UNIVERSIDADE FEDERAL FLUMINENSE;UFF;3;AUTARQUIA FEDERAL;15000;MINISTERIO DA EDUCACAO
26237;UNIVERSIDADE FEDERAL DE JUIZ DE FORA;UFJF;3;AUTARQUIA FEDERAL;15000;MINISTERIO DA EDUCACAO
26238;UNIVERSIDADE FEDERAL DE MINAS GERAIS;UFMG;3;AUTARQUIA FEDERAL;15000;MINISTERIO DA EDUCACAO
26239;UNIVERSIDADE FEDERAL DO PARA;UFPA;3;AUTARQUIA FEDERAL;15000;MINISTERIO DA EDUCACAO
26240;UNIVERSIDADE FEDERAL DA PARAIBA;UFPB;3;AUTARQUIA FEDERAL;15000;MINISTERIO DA EDUCACAO
26241;UNIVERSIDADE FEDERAL DO PARANA;UFPR;3;AUTARQUIA FEDERAL;15000;MINISTERIO DA EDUCACAO
26242;UNIVERSIDADE FEDERAL DE PERNAMBUCO;UFPE;3;AUTARQUIA FEDERAL;15000;MINISTERIO DA EDUCACAO
26243;UNIVERSIDADE FED. DO RIO GRANDE DO NORTE;UFRN;3;AUTARQUIA FEDERAL;15000;MINISTERIO DA EDUCACAO
26244;UNIVERSIDADE FED. DO RIO GRANDE DO SUL;UFRGS/RS;3;AUTARQUIA FEDERAL;15000;MINISTERIO DA EDUCACAO
26245;UNIVERSIDADE FEDERAL DO RIO DE JANEIRO;UFRJ;3;AUTARQUIA FEDERAL;15000;MINISTERIO DA EDUCACAO
26246;UNIVERSIDADE FEDERAL DE SANTA CATARINA;UFSC;3;AUTARQUIA FEDERAL;15000;MINISTERIO DA EDUCACAO
26247;UNIVERSIDADE FEDERAL DE SANTA MARIA;UFSM/RS;3;AUTARQUIA FEDERAL;15000;MINISTERIO DA EDUCACAO
26248;UNIVERSIDADE FEDERAL RURAL DE PERNAMBUCO;UFRPE;3;AUTARQUIA FEDERAL;15000;MINISTERIO DA EDUCACAO
26249;UNIV. FEDERAL RURAL DO RIO DE JANEIRO;UFRRJ;3;AUTARQUIA FEDERAL;15000;MINISTERIO DA EDUCACAO
26250;UNIVERSIDADE FEDERAL DE RORAIMA;UFRR;4;FUNDACAO FEDERAL;15000;MINISTERIO DA EDUCACAO
26251;FUNDACAO UNIVERSIDADE FED. DO TOCANTINS;FUFT;4;FUNDACAO FEDERAL;15000;MINISTERIO DA EDUCACAO
26252;UNIVERSIDADE FEDERAL DE CAMPINA GRANDE;UFCG;3;AUTARQUIA FEDERAL;15000;MINISTERIO DA EDUCACAO
26253;UNIVERSIDADE FEDERAL RURAL DA AMAZONIA;UFRA;3;AUTARQUIA FEDERAL;15000;MINISTERIO DA EDUCACAO
26254;UNIVERSIDADE FED.DO TRIANGULO MINEIRO;UFTM;3;AUTARQUIA FEDERAL;15000;MINISTERIO DA EDUCACAO
26255;UNI.FED.VALES DO JEQUITINHONHA E MUCURI;UFVJM;3;AUTARQUIA FEDERAL;15000;MINISTERIO DA EDUCACAO
26256;CENTRO FED.EDUC.TECNOL.CELSO S. FONSECA;CEFET/RJ;3;AUTARQUIA FEDERAL;15000;MINISTERIO DA EDUCACAO
26257;CENTRO FED.DE EDUC.TECNOL.MINAS GERAIS;CEFET/MG;3;AUTARQUIA FEDERAL;15000;MINISTERIO DA EDUCACAO
26258;UNIVERS. TECNOLOGICA FEDERAL DO PARANA;UTFPR;3;AUTARQUIA FEDERAL;15000;MINISTERIO DA EDUCACAO
26260;UNIVERSIDADE FEDERAL DE ALFENAS;UNIFAL-MG;3;AUTARQUIA FEDERAL;15000;MINISTERIO DA EDUCACAO
26261;UNIVERSIDADE FEDERAL DE ITAJUBA;UNIFEI;3;AUTARQUIA FEDERAL;15000;MINISTERIO DA EDUCACAO
26262;UNIVERSIDADE FEDERAL DE SAO PAULO;UNIFESP;3;AUTARQUIA FEDERAL;15000;MINISTERIO DA EDUCACAO
26263;UNIVERSIDADE FEDERAL DE LAVRAS;UFLA;3;AUTARQUIA FEDERAL;15000;MINISTERIO DA EDUCACAO
26264;UNIVERSIDADE FED. RURAL DO SEMI-ARIDO;UFERSA-RN;3;AUTARQUIA FEDERAL;15000;MINISTERIO DA EDUCACAO
26266;FUNDACAO UNIVERSIDADE FEDERAL DO PAMPA;UNIPAMPA;4;FUNDACAO FEDERAL;15000;MINISTERIO DA EDUCACAO
26267;UNIV.FED. DA INTEGRACAO LATINO-AMERICANA;UNILA;3;AUTARQUIA FEDERAL;15000;MINISTERIO DA EDUCACAO
26268;FUND. UNIVERSIDADE FEDERAL DE RONDONIA;UNIR;4;FUNDACAO FEDERAL;15000;MINISTERIO DA EDUCACAO
26269;UNIVERSIDADE DO RIO DE JANEIRO;UNIRIO;4;FUNDACAO FEDERAL;15000;MINISTERIO DA EDUCACAO
26270;FUNDACAO UNIVERSIDADE DO AMAZONAS;FUAM;4;FUNDACAO FEDERAL;15000;MINISTERIO DA EDUCACAO
26271;FUNDACAO UNIVERSIDADE DE BRASILIA;UNB;4;FUNDACAO FEDERAL;15000;MINISTERIO DA EDUCACAO
26272;FUNDACAO UNIVERSIDADE DO MARANHAO;UFMA;4;FUNDACAO FEDERAL;15000;MINISTERIO DA EDUCACAO
26273;UNIVERSIDADE FEDERAL DO RIO GRANDE;FURG;4;FUNDACAO FEDERAL;15000;MINISTERIO DA EDUCACAO
26274;FUNDACAO UNIV. FEDERAL DE UBERLANDIA;UFU;4;FUNDACAO FEDERAL;15000;MINISTERIO DA EDUCACAO
26275;UNIVERSIDADE FEDERAL DO ACRE;UFAC;3;AUTARQUIA FEDERAL;15000;MINISTERIO DA EDUCACAO
26276;UNIVERSIDADE FEDERAL DE MATO GROSSO;UFMT;4;FUNDACAO FEDERAL;15000;MINISTERIO DA EDUCACAO
26277;FUNDACAO UNIV. FEDERAL DE OURO PRETO;FUFOP;4;FUNDACAO FEDERAL;15000;MINISTERIO DA EDUCACAO
26278;FUNDACAO UNIVERSIDADE FEDERAL DE PELOTAS;FUFPEL;4;FUNDACAO FEDERAL;15000;MINISTERIO DA EDUCACAO
26279;UNIVERSIDADE FEDERAL DO PIAUI;UFPI;4;FUNDACAO FEDERAL;15000;MINISTERIO DA EDUCACAO
26280;UNIVERSIDADE FEDERAL DE SAO CARLOS;FUFSCAR;4;FUNDACAO FEDERAL;15000;MINISTERIO DA EDUCACAO
26281;FUNDACAO UNIVERSIDADE FEDERAL DE SERGIPE;FUFS;4;FUNDACAO FEDERAL;15000;MINISTERIO DA EDUCACAO
26282;UNIVERSIDADE FEDERAL DE VICOSA;UFV;4;FUNDACAO FEDERAL;15000;MINISTERIO DA EDUCACAO
26283;UNIV. FEDERAL DE MATO GROSSO DO SUL;UFMS;4;FUNDACAO FEDERAL;15000;MINISTERIO DA EDUCACAO
26284;FUND.UNIV.FED.CIENC.SAUDE D PORTO ALEGRE;UFCSPA;4;FUNDACAO FEDERAL;15000;MINISTERIO DA EDUCACAO
26285;FUND. UNIVERSIDADE DE SAO JOAO DEL REI;FUNREI;4;FUNDACAO FEDERAL;15000;MINISTERIO DA EDUCACAO
26286;FUNDACAO UNVERSIDADE FEDERAL DO AMAPA;UNIFAP;4;FUNDACAO FEDERAL;15000;MINISTERIO DA EDUCACAO
26292;FUNDACAO JOAQUIM NABUCO;FJN;4;FUNDACAO FEDERAL;15000;MINISTERIO DA EDUCACAO
26298;FUND COORD APERF PESSOAL NIVEL SUPERIOR;CAPES;4;FUNDACAO FEDERAL;15000;MINISTERIO DA EDUCACAO
26350;FUND. UNIV FEDERAL DA GRANDE DOURADOS;UFGD;4;FUNDACAO FEDERAL;15000;MINISTERIO DA EDUCACAO
26351;UNIV. FEDERAL DO RECONCAVO DA BAHIA;UFRB;3;AUTARQUIA FEDERAL;15000;MINISTERIO DA EDUCACAO
26352;FUNDACAO UNIVERSIDADE FEDERAL DO ABC;UFABC;4;FUNDACAO FEDERAL;15000;MINISTERIO DA EDUCACAO
26401;INSTITUTO FEDERAL DO ACRE;IFAC;3;AUTARQUIA FEDERAL;15000;MINISTERIO DA EDUCACAO
26402;INSTITUTO FEDERAL DE ALAGOAS;IFAL;3;AUTARQUIA FEDERAL;15000;MINISTERIO DA EDUCACAO
26403;INSTITUTO FEDERAL DO AMAZONAS;IFAM;3;AUTARQUIA FEDERAL;15000;MINISTERIO DA EDUCACAO
26404;INSTITUTO FEDERAL BAIANO;IFBAIANO;3;AUTARQUIA FEDERAL;15000;MINISTERIO DA EDUCACAO
26405;INSTITUTO FEDERAL DO CEARA;IFCE;3;AUTARQUIA FEDERAL;15000;MINISTERIO DA EDUCACAO
26406;INSTITUTO FEDERAL DO ESPIRITO SANTO;IFES;3;AUTARQUIA FEDERAL;15000;MINISTERIO DA EDUCACAO
26407;INSTITUTO FEDERAL GOIANO;IFGOIANO;3;AUTARQUIA FEDERAL;15000;MINISTERIO DA EDUCACAO
26408;INSTITUTO FEDERAL DO MARANHAO;IFMA;3;AUTARQUIA FEDERAL;15000;MINISTERIO DA EDUCACAO
26409;INSTITUTO FEDERAL DE MINAS GERAIS;IFMG;3;AUTARQUIA FEDERAL;15000;MINISTERIO DA EDUCACAO
26410;INSTITUTO FED. DO NORTE DE MINAS GERAIS;IFNORTEMG;3;AUTARQUIA FEDERAL;15000;MINISTERIO DA EDUCACAO
26411;INSTITUTO FED.DO SUDESTE DE MINAS GERAIS;IFSUDMG;3;AUTARQUIA FEDERAL;15000;MINISTERIO DA EDUCACAO
26412;INSTITUTO FEDERAL DO SUL DE MINAS GERAIS;IFSULMG;3;AUTARQUIA FEDERAL;15000;MINISTERIO DA EDUCACAO
26413;INSTITUTO FEDERAL DO TRIANGULO MINEIRO;IFTRIANMG;3;AUTARQUIA FEDERAL;15000;MINISTERIO DA EDUCACAO
26414;INSTITUTO FEDERAL DE MATO GROSSO;IFMT;3;AUTARQUIA FEDERAL;15000;MINISTERIO DA EDUCACAO
26415;INSTITUTO FEDERAL DE MATO GROSSO DO SUL;IFMS;3;AUTARQUIA FEDERAL;15000;MINISTERIO DA EDUCACAO
26416;INSTITUTO FEDERAL DO PARA;IFPA;3;AUTARQUIA FEDERAL;15000;MINISTERIO DA EDUCACAO
26417;INSTITUTO FEDERAL DA PARAIBA;IFPB;3;AUTARQUIA FEDERAL;15000;MINISTERIO DA EDUCACAO
26418;INSTITUTO FEDERAL DE PERNAMBUCO;IFPE;3;AUTARQUIA FEDERAL;15000;MINISTERIO DA EDUCACAO
26419;INSTITUTO FEDERAL DO RIO GRANDE DO SUL;IFRS;3;AUTARQUIA FEDERAL;15000;MINISTERIO DA EDUCACAO
26420;INSTITUTO FEDERAL FARROUPILHA;IFFARROUP;3;AUTARQUIA FEDERAL;15000;MINISTERIO DA EDUCACAO
26421;INSTITUTO FEDERAL DE RONDONIA;IFRO;3;AUTARQUIA FEDERAL;15000;MINISTERIO DA EDUCACAO
26422;INSTITUTO FEDERAL CATARINENSE;IFCATARINA;3;AUTARQUIA FEDERAL;15000;MINISTERIO DA EDUCACAO
26423;INSTITUTO FEDERAL DE SERGIPE;IFSE;3;AUTARQUIA FEDERAL;15000;MINISTERIO DA EDUCACAO
26424;INSTITUTO FEDERAL DO TOCANTINS;IFTO;3;AUTARQUIA FEDERAL;15000;MINISTERIO DA EDUCACAO
26426;INSTITUTO FEDERAL DO AMAPA;IFAP;3;AUTARQUIA FEDERAL;15000;MINISTERIO DA EDUCACAO
26427;INSTITUTO FEDERAL DA BAHIA;IFBA;3;AUTARQUIA FEDERAL;15000;MINISTERIO DA EDUCACAO
26428;INSTITUTO FEDERAL DE BRASILIA;IFBRASILIA;3;AUTARQUIA FEDERAL;15000;MINISTERIO DA EDUCACAO
26429;INSTITUTO FEDERAL DE GOIAS;IFG;3;AUTARQUIA FEDERAL;15000;MINISTERIO DA EDUCACAO
26430;INSTITUTO FEDERAL DO SERTAO PERNAMBUCANO;IFSERTPE;3;AUTARQUIA FEDERAL;15000;MINISTERIO DA EDUCACAO
26431;INSTITUTO FEDERAL DO PIAUI;IFPI;3;AUTARQUIA FEDERAL;15000;MINISTERIO DA EDUCACAO
26432;INSTITUTO FEDERAL DO PARANA;IFPR;3;AUTARQUIA FEDERAL;15000;MINISTERIO DA EDUCACAO
26433;INSTITUTO FEDERAL DO RIO DE JANEIRO;IFRJ;3;AUTARQUIA FEDERAL;15000;MINISTERIO DA EDUCACAO
26434;INSTITUTO FEDERAL FLUMINENSE;IFFLU;3;AUTARQUIA FEDERAL;15000;MINISTERIO DA EDUCACAO
26435;INSTITUTO FEDERAL DO RIO GRANDE DO NORTE;IFRN;3;AUTARQUIA FEDERAL;15000;MINISTERIO DA EDUCACAO
26436;INSTITUTO FEDERAL SUL RIO-GRANDENSE;IFSRIOGRAN;3;AUTARQUIA FEDERAL;15000;MINISTERIO DA EDUCACAO
26437;INSTITUTO FEDERAL DE RORAIMA;IFRR;3;AUTARQUIA FEDERAL;15000;MINISTERIO DA EDUCACAO
26438;INSTITUTO FEDERAL DE SANTA CATARINA;IFSC;3;AUTARQUIA FEDERAL;15000;MINISTERIO DA EDUCACAO
26439;INSTITUTO FEDERAL DE SAO PAULO;IFSP;3;AUTARQUIA FEDERAL;15000;MINISTERIO DA EDUCACAO
26440;UNIVERSIDADE FEDERAL DA FRONTEIRA SUL;UFFS;3;AUTARQUIA FEDERAL;15000;MINISTERIO DA EDUCACAO
26441;UNIVERSIDADE FEDERAL DO OESTE DO PARA;UFOPA;3;AUTARQUIA FEDERAL;15000;MINISTERIO DA EDUCACAO
26442;UN. INT.INTERN. LUSOFONIA AFROBRASILEIRA;UNILAB;3;AUTARQUIA FEDERAL;15000;MINISTERIO DA EDUCACAO
26443;EMPRESA BRAS. DE SERVICOS HOSPITALARES;EBSERH;5;EMPRESA PUBLICA;15000;MINISTERIO DA EDUCACAO
26447;UNIVERSIDADE FEDERAL DO OESTE DA BAHIA;UFOB;3;AUTARQUIA FEDERAL;15000;MINISTERIO DA EDUCACAO
26448;UNIVERSIDADE FED. SUL SUDESTE DO PARA;UNIFESSPA;3;AUTARQUIA FEDERAL;15000;MINISTERIO DA EDUCACAO
26449;UNIVERSIDADE FEDERAL DO CARIRI;UFCA;3;AUTARQUIA FEDERAL;15000;MINISTERIO DA EDUCACAO
26450;UNIVERSIDADE FEDERAL DO SUL DA BAHIA;UFESBA;3;AUTARQUIA FEDERAL;15000;MINISTERIO DA EDUCACAO
26452;UNIVERSIDADE FEDERAL DE CATALAO;UFCAT;3;AUTARQUIA FEDERAL;15000;MINISTERIO DA EDUCACAO
26453;UNIVERSIDADE FEDERAL DE JATAI;UFJ;3;AUTARQUIA FEDERAL;15000;MINISTERIO DA EDUCACAO
26454;UNIVERSIDADE FEDERAL DE RONDONOPOLIS;UFR;3;AUTARQUIA FEDERAL;15000;MINISTERIO DA EDUCACAO
26455;UNIV. FEDERAL DO DELTA DO PARNAIBA;UFDPAR;3;AUTARQUIA FEDERAL;15000;MINISTERIO DA EDUCACAO
26456;UNIVER. FEDERAL DO AGRESTE DE PERNAMBUCO;UFAPE;3;AUTARQUIA FEDERAL;15000;MINISTERIO DA EDUCACAO
26457;UNIVERSIDADE FEDERAL NORTE DO TOCANTINS;UFNT;4;FUNDACAO FEDERAL;15000;MINISTERIO DA EDUCACAO
27201;FUNDACAO HABITACIONAL DO EXERCITO;FUND.HABIT;4;FUNDACAO FEDERAL;40105;MINISTERIO DA DEFESA
28000;MINISTERIO IND. COM. EXTERIOR E SERVIçOS;MDIC;1;ADMINISTRACAO DIRETA FEDERAL;28000;MINISTERIO IND. COM. EXTERIOR E SERVIçOS
29000;MINISTERIO DO ESPORTE;M.ESPORTE;1;ADMINISTRACAO DIRETA FEDERAL;29000;MINISTERIO DO ESPORTE
29205;EMPRESA DE TRENS URBANOS DE PORTO ALEGRE;TRENSURB;5;EMPRESA PUBLICA;40112;MINISTERIO DO DESENVOLVIMENTO REGIONAL
29214;COMPANHIA BRASILEIRA DE TRENS URBANOS;CBTU;5;EMPRESA PUBLICA;40112;MINISTERIO DO DESENVOLVIMENTO REGIONAL
30202;FUNDACAO NACIONAL DO INDIO;FUNAI;4;FUNDACAO FEDERAL;20000;MINIST. DA JUSTICA E SEGURANCA PUBLICA
30203;INST.NAC.METROLOGIA,NORM.E QUAL.INDL.;INMETRO;3;AUTARQUIA FEDERAL;17000;MINISTERIO DA ECONOMIA
30204;INSTITUTO NAC. DA PROPRIEDADE INDUSTRIAL;INPI;3;AUTARQUIA FEDERAL;17000;MINISTERIO DA ECONOMIA
30802;DEPTO. DE POLICIA RODOVIARIA FEDERAL;DPRF;1;ADMINISTRACAO DIRETA FEDERAL;20000;MINIST. DA JUSTICA E SEGURANCA PUBLICA
31280;CAIXA DE CONSTRUCAO DE CASAS P/PESSOAL D;CCCPMM;3;AUTARQUIA FEDERAL;40105;MINISTERIO DA DEFESA
32000;MINISTERIO DE MINAS E ENERGIA;MME;1;ADMINISTRACAO DIRETA FEDERAL;32000;MINISTERIO DE MINAS E ENERGIA
32100;DEPARTAMENTO NAC. DE PRODUCAO MINERAL;DNPM;3;AUTARQUIA FEDERAL;32000;MINISTERIO DE MINAS E ENERGIA
32200;AGENCIA NACIONAL DE ENERGIA ELETRICA;ANEEL;9;AUTARQUIA ESPECIAL;32000;MINISTERIO DE MINAS E ENERGIA
32201;CENTRO DE PESQUISAS DE ENERGIA ELETRICA;CPEE;3;AUTARQUIA FEDERAL;32201;CENTRO DE PESQUISAS DE ENERGIA ELETRICA
32300;AGENCIA NAC PETROLEO GAS NAT BIOCOMBUSTI;ANP;9;AUTARQUIA ESPECIAL;32000;MINISTERIO DE MINAS E ENERGIA
32314;EMPRESA DE PESQUISA ENERGETICA;EPE;5;EMPRESA PUBLICA;32000;MINISTERIO DE MINAS E ENERGIA
32396;AGENCIA NACIONAL DE MINERACAO;ANM;9;AUTARQUIA ESPECIAL;32000;MINISTERIO DE MINAS E ENERGIA
33000;MINISTERIO DO TRABALHO E PREVIDENCIA;MTP;1;ADMINISTRACAO DIRETA FEDERAL;33000;MINISTERIO DO TRABALHO E PREVIDENCIA
33206;SUPERINT.NAC.DE PREVIDENCIA COMPLEMENTAR;PREVIC;3;AUTARQUIA FEDERAL;17000;MINISTERIO DA ECONOMIA
34003;MINISTERIO PUBLIC DO ESTADO DO ESP SANTO;MPES;1;ADMINISTRACAO DIRETA FEDERAL;34003;MINISTERIO PUBLIC DO ESTADO DO ESP SANTO
34004;MIN PUBLICO DO ESTADO DO AMAPA;MPEA;1;ADMINISTRACAO DIRETA FEDERAL;34004;MIN PUBLICO DO ESTADO DO AMAPA
35000;MINISTERIO DAS RELACOES EXTERIORES;MRE;1;ADMINISTRACAO DIRETA FEDERAL;35000;MINISTERIO DAS RELACOES EXTERIORES
35001;APEX-BRASIL;APEX-BRASI;22;SERVICO SOCIAL AUTONOMO;35001;APEX-BRASIL
35201;FUNDACAO ALEXANDRE DE GUSMAO;FAG;4;FUNDACAO FEDERAL;35000;MINISTERIO DAS RELACOES EXTERIORES
36201;FUNDACAO OSWALDO CRUZ;FIOCRUZ;4;FUNDACAO FEDERAL;25000;MINISTERIO DA SAUDE
36205;FUNDACAO NACIONAL DE SAUDE;FUNASA;4;FUNDACAO FEDERAL;25000;MINISTERIO DA SAUDE
36207;AGENCIA NACIONAL DE VIGILANCIA SANITARIA;ANVS;3;AUTARQUIA FEDERAL;25000;MINISTERIO DA SAUDE
36208;AGENCIA NACIONAL DE SAUDE SUPLEMENTAR;ANS;9;AUTARQUIA ESPECIAL;25000;MINISTERIO DA SAUDE
36209;HOSPITAL FEMINA;HF;5;EMPRESA PUBLICA;25000;MINISTERIO DA SAUDE
36210;HOSPITAL NOSSA SENHORA DA CONCEICAO;HNSC;5;EMPRESA PUBLICA;25000;MINISTERIO DA SAUDE
36211;HOSPITAL CRISTO REDENTOR;HCR;5;EMPRESA PUBLICA;25000;MINISTERIO DA SAUDE
37000;DEFENSORIA PUBLICA DA UNIAO;DPU;1;ADMINISTRACAO DIRETA FEDERAL;37000;DEFENSORIA PUBLICA DA UNIAO
38000;CONSELHO ADMINIST.DE DEFESA ECONOMICA;CADE;3;AUTARQUIA FEDERAL;20000;MINIST. DA JUSTICA E SEGURANCA PUBLICA
39250;AGENCIA NAC. DE TRANSPORTES TERRESTRES;ANTT;9;AUTARQUIA ESPECIAL;49000;MINISTERIO DA INFRAESTRUTURA
39251;AGENCIA NAC. DE TRANSPORTES AQUAVIARIOS;ANTAQ;9;AUTARQUIA ESPECIAL;49000;MINISTERIO DA INFRAESTRUTURA
39252;DEPARTAMENTO NAC.DE INFRAEST. DE TRANSP.;DNIT;3;AUTARQUIA FEDERAL;49000;MINISTERIO DA INFRAESTRUTURA
39253;EMPRESA DE PLANEJAMENTO E LOGISTICA S.A.;EPL;5;EMPRESA PUBLICA;49000;MINISTERIO DA INFRAESTRUTURA
40100;MIN DA INTEG E DO DESENV REGIONAL;MIDR;1;ADMINISTRACAO DIRETA FEDERAL;20101;PRESIDENCIA DA REPUBLICA
40105;MINISTERIO DA DEFESA;MD;1;ADMINISTRACAO DIRETA FEDERAL;20101;PRESIDENCIA DA REPUBLICA
40106;ADVOCACIA-GERAL DA UNIAO;AGU;1;ADMINISTRACAO DIRETA FEDERAL;20101;PRESIDENCIA DA REPUBLICA
40107;MINISTERIO DA CULTURA;MINC;1;ADMINISTRACAO DIRETA FEDERAL;40107;MINISTERIO DA CULTURA
40108;MINISTERIO CIENCIA TEC.INOV.COMUNICACOES;MCTIC;1;ADMINISTRACAO DIRETA FEDERAL;40108;MINISTERIO CIENCIA TEC.INOV.COMUNICACOES
40111;MINISTERIO DO MEIO AMBIENTE;MMA;1;ADMINISTRACAO DIRETA FEDERAL;40111;MINISTERIO DO MEIO AMBIENTE
40112;MINISTERIO DO DESENVOLVIMENTO REGIONAL;MDR;1;ADMINISTRACAO DIRETA FEDERAL;40112;MINISTERIO DO DESENVOLVIMENTO REGIONAL
40200;MINISTERIO DAS CIDADES;MCID;1;ADMINISTRACAO DIRETA FEDERAL;40112;MINISTERIO DO DESENVOLVIMENTO REGIONAL
40202;FUNDACAO ESCOLA NACIONAL DE ADM. PUBLICA;ENAP;4;FUNDACAO FEDERAL;17000;MINISTERIO DA ECONOMIA
40301;COMISSAO NACIONAL DE ENERGIA NUCLEAR;CNEN;9;AUTARQUIA ESPECIAL;40108;MINISTERIO CIENCIA TEC.INOV.COMUNICACOES
40403;FUNDACAO CASA DE RUI BARBOSA;FCRB;4;FUNDACAO FEDERAL;54000;MINISTERIO DO TURISMO
40408;FUNDACAO CULTURAL PALMARES;FCP;4;FUNDACAO FEDERAL;54000;MINISTERIO DO TURISMO
40501;CONSELHO NAC.DE DESEN.CIEN.E TECNOLOGICO;CNPQ;4;FUNDACAO FEDERAL;40108;MINISTERIO CIENCIA TEC.INOV.COMUNICACOES
40603;SUPERINTENDENCIA ZONA FRANCA DE MANAUS;SUFRAMA;3;AUTARQUIA FEDERAL;17000;MINISTERIO DA ECONOMIA
40604;INSTITUTO BRASILEIRO DE TURISMO;EMBRATUR;9;AUTARQUIA ESPECIAL;54000;MINISTERIO DO TURISMO
40701;INST. BR. MEIO AMB. REC. NAT. RENOVAVEIS;IBAMA;9;AUTARQUIA ESPECIAL;40111;MINISTERIO DO MEIO AMBIENTE
40801;GOVERNO DO EX-TERRITORIO DO AMAPA;EX-TER/AP;1;ADMINISTRACAO DIRETA FEDERAL;17000;MINISTERIO DA ECONOMIA
40802;GOVERNO DO EX-TERRITORIO DO ACRE;EX-TER/AC;1;ADMINISTRACAO DIRETA FEDERAL;17000;MINISTERIO DA ECONOMIA
40803;GOVERNO DO EX-TERRITORIO DE RONDONIA;EX-TER/RO;1;ADMINISTRACAO DIRETA FEDERAL;17000;MINISTERIO DA ECONOMIA
40804;GOVERNO DO EX-TERRITORIO DE RORAIMA;EX-TER/RR;1;ADMINISTRACAO DIRETA FEDERAL;17000;MINISTERIO DA ECONOMIA
40805;ANTIGO EST.GUANABARA E DISTRITO FEDERAL;ANTDFDEPEX;1;ADMINISTRACAO DIRETA FEDERAL;17000;MINISTERIO DA ECONOMIA
40806;DEP.DE CENTRAL.SERV.DE INATIVOS E PENS.;DECIP/SGP;1;ADMINISTRACAO DIRETA FEDERAL;17000;MINISTERIO DA ECONOMIA
41000;MINISTERIO DAS COMUNICACOES;M.COMUNIC;1;ADMINISTRACAO DIRETA FEDERAL;41000;MINISTERIO DAS COMUNICACOES
41100;MINISTERIO DAS COMUNICACOES;MCOM;1;ADMINISTRACAO DIRETA FEDERAL;41100;MINISTERIO DAS COMUNICACOES
41231;AGENCIA NACIONAL DE TELECOMUNICACOES;ANATEL;9;AUTARQUIA ESPECIAL;40108;MINISTERIO CIENCIA TEC.INOV.COMUNICACOES
42000;MINISTERIO DO DESENVOLVIMENTO AGRARIO;MDA;1;ADMINISTRACAO DIRETA FEDERAL;42000;MINISTERIO DO DESENVOLVIMENTO AGRARIO
42201;INSTITUTO NAC. DE COLONIZ E REF AGRARIA;INCRA;9;AUTARQUIA ESPECIAL;13000;MINIST.DA AGRICULTURA,PECUARIA E ABAST.
42204;DEPTO. NACIONAL DE OBRAS CONTRA AS SECAS;DNOCS;3;AUTARQUIA FEDERAL;40112;MINISTERIO DO DESENVOLVIMENTO REGIONAL
42207;INSTITUTO BRASILEIRO DE MUSEUS;IBRAM;3;AUTARQUIA FEDERAL;54000;MINISTERIO DO TURISMO
44205;AGENCIA NACIONAL DE AGUAS;ANA;9;AUTARQUIA ESPECIAL;40111;MINISTERIO DO MEIO AMBIENTE
44206;INSTITUTO DE PESQ. JARDIM BOTANICO DO RJ;JBRJ;3;AUTARQUIA FEDERAL;40111;MINISTERIO DO MEIO AMBIENTE
44207;INSTITUTO CHICO MENDES CONSERV.BIODIVER.;ICMBIO;3;AUTARQUIA FEDERAL;40111;MINISTERIO DO MEIO AMBIENTE
45203;COMISSAO DE VALORES MOBILIARIOS;CVM;9;AUTARQUIA ESPECIAL;17000;MINISTERIO DA ECONOMIA
45205;FUND. INST. BRASIL. GEOG. E ESTATISTICA;IBGE;4;FUNDACAO FEDERAL;17000;MINISTERIO DA ECONOMIA
45206;INSTITUTO DE PESQUISA ECONOMICA APLICADA;IPEA;4;FUNDACAO FEDERAL;17000;MINISTERIO DA ECONOMIA
45208;SUPERINTENDENCIA DE SEGUROS PRIVADOS;SUSEP;9;AUTARQUIA ESPECIAL;17000;MINISTERIO DA ECONOMIA
45282;BANCO NAC. DE DESENV. ECONOMICO E SOCIAL;BNDES;5;EMPRESA PUBLICA;17000;MINISTERIO DA ECONOMIA
45283;INSTITUTO DE RESSEGUROS DO BRASIL;IRB;6;SOCIEDADE ECONOMIA  MISTA;45283;INSTITUTO DE RESSEGUROS DO BRASIL
49000;MINISTERIO DA INFRAESTRUTURA;MINFRA;1;ADMINISTRACAO DIRETA FEDERAL;49000;MINISTERIO DA INFRAESTRUTURA
49280;EMPRESA BRAS. DE CORREIOS E TELEGRAFOS;ECT;5;EMPRESA PUBLICA;40108;MINISTERIO CIENCIA TEC.INOV.COMUNICACOES
49300;VALEC ENG.CONSTRUCOES E FERROVIAS S/A;VALEC;5;EMPRESA PUBLICA;49000;MINISTERIO DA INFRAESTRUTURA
49901;FUNDO DA MARINHA MERCANTE;FMM;3;AUTARQUIA FEDERAL;49901;FUNDO DA MARINHA MERCANTE
51000;AUTORIDADE.DE GOVER.DO LEGADO OLIMPICO;AGLO;3;AUTARQUIA FEDERAL;55000;MINISTERIO DA CIDADANIA
52201;AGENCIA NACIONAL DE AVIACAO CIVIL;ANAC;9;AUTARQUIA ESPECIAL;49000;MINISTERIO DA INFRAESTRUTURA
52233;AMAZONIA AZUL TECNOLOGIAS DE DEFESA SA;AMAZUL;5;EMPRESA PUBLICA;40105;MINISTERIO DA DEFESA
53202;SUPERINTENDENCIA DO DESENV. DA AMAZONIA;SUDAM;3;AUTARQUIA FEDERAL;40112;MINISTERIO DO DESENVOLVIMENTO REGIONAL
53203;SUPERINTENDENCIA DO DESENV. DO NORDESTE;SUDENE;3;AUTARQUIA FEDERAL;40112;MINISTERIO DO DESENVOLVIMENTO REGIONAL
53297;SUP.DE DESENVOLVIMENTO DO CENTRO OESTE;SUDECO;3;AUTARQUIA FEDERAL;40112;MINISTERIO DO DESENVOLVIMENTO REGIONAL
54000;MINISTERIO DO TURISMO;MTUR;1;ADMINISTRACAO DIRETA FEDERAL;54000;MINISTERIO DO TURISMO
55000;MINISTERIO DA CIDADANIA;MC;1;ADMINISTRACAO DIRETA FEDERAL;55000;MINISTERIO DA CIDADANIA
56000;MINISTERIO DAS CIDADES;MCID;1;ADMINISTRACAO DIRETA FEDERAL;56000;MINISTERIO DAS CIDADES
57201;FUND.JORGE DUPRAT FIG. SEG. MED.TRABALHO;F.CENTRO;4;FUNDACAO FEDERAL;17000;MINISTERIO DA ECONOMIA
57202;INSTITUTO NACIONAL DE SEGURO SOCIAL;INSS;3;AUTARQUIA FEDERAL;17000;MINISTERIO DA ECONOMIA
57203;EMPR.DE PROCESS.DE DADOS DA PREV.SOCIAL;DATAPREV;5;EMPRESA PUBLICA;23000;MINISTERIO DA PREVIDENCIA SOCIAL
59000;CONTROLADORIA-GERAL DA UNIAO;CGU;1;ADMINISTRACAO DIRETA FEDERAL;59000;CONTROLADORIA-GERAL DA UNIAO
70000;COMANDO DA MARINHA;CM;1;ADMINISTRACAO DIRETA FEDERAL;40105;MINISTERIO DA DEFESA
77000;FUND PREV COMPL SERV PUBL FED EXECUTIVO;FUNPRESP;20;FUND.PUBLICA DIREITO PRIVADO;20113;MINISTERIO DO PLANEJ. DESENV. E GESTAO
80208;EMPRESA DE PORTOS DO BRASIL S/A;PORTOBRAS;5;EMPRESA PUBLICA;80208;EMPRESA DE PORTOS DO BRASIL S/A
80210;EMPRESA BRAS.DE ASSISTENCIA TEC.E EXT.RU;EMBRATER;5;EMPRESA PUBLICA;80210;EMPRESA BRAS.DE ASSISTENCIA TEC.E EXT.RU
81000;MIN. DA MULHER, FAMILIA E DIR. HUMANOS;MMFDH;1;ADMINISTRACAO DIRETA FEDERAL;81000;MIN. DA MULHER, FAMILIA E DIR. HUMANOS
90000;TRIBUNAL DE CONTAS DA UNIAO;TCU;1;ADMINISTRACAO DIRETA FEDERAL;90000;TRIBUNAL DE CONTAS DA UNIAO
90100;MINISTERIO PUBLICO FEDERAL;MPF;1;ADMINISTRACAO DIRETA FEDERAL;90100;MINISTERIO PUBLICO FEDERAL
90150;MINISTERIO PUBLICO DA UNIAO;MPU;1;ADMINISTRACAO DIRETA FEDERAL;90150;MINISTERIO PUBLICO DA UNIAO
90200;MINISTERIO PUBLICO DO TRABALHO;MPT;1;ADMINISTRACAO DIRETA FEDERAL;90200;MINISTERIO PUBLICO DO TRABALHO
90300;MINISTERIO PUBLICO MILITAR;MPM;1;ADMINISTRACAO DIRETA FEDERAL;90300;MINISTERIO PUBLICO MILITAR
90400;MINIST. PUBLICO DO DF E TERRITORIOS;MPDFT;1;ADMINISTRACAO DIRETA FEDERAL;90400;MINIST. PUBLICO DO DF E TERRITORIOS
91081;ELETROBRAS - HOLDING;ELETROBRAS;6;SOCIEDADE ECONOMIA  MISTA;32000;MINISTERIO DE MINAS E ENERGIA
91082;TELEBRAS - HOLDING;TELEBRAS;6;SOCIEDADE ECONOMIA  MISTA;40108;MINISTERIO CIENCIA TEC.INOV.COMUNICACOES
91083;CVRD - HOLDING;CVRD-HOL;6;SOCIEDADE ECONOMIA  MISTA;91083;CVRD - HOLDING
91084;PETROBRAS - HOLDING;PETROBRAS;6;SOCIEDADE ECONOMIA  MISTA;32000;MINISTERIO DE MINAS E ENERGIA
91214;AUTORIDADE PUBLICA OLIMPICA;APO;9;AUTARQUIA ESPECIAL;29000;MINISTERIO DO ESPORTE
92012;EMPRESA GERENCIAL DE PROJETOS NAVAIS;EMGEPRON;5;EMPRESA PUBLICA;40105;MINISTERIO DA DEFESA
93120;GOVERNO DO ESTADO DO ACRE;ESTADO/AC;10;SERVICO PUBLICO ESTADUAL;93120;GOVERNO DO ESTADO DO ACRE
93220;GOVERNO DO ESTADO DO AMAPA;ESTADO/AP;10;SERVICO PUBLICO ESTADUAL;93220;GOVERNO DO ESTADO DO AMAPA
93320;GOVERNO DO ESTADO DO AMAZONAS;ESTADO/AM;10;SERVICO PUBLICO ESTADUAL;93320;GOVERNO DO ESTADO DO AMAZONAS
93420;GOVERNO DO ESTADO DO PARA;ESTADO/PA;10;SERVICO PUBLICO ESTADUAL;93420;GOVERNO DO ESTADO DO PARA
93520;GOVERNO DO ESTADO RONDONIA;ESTADO/RO;10;SERVICO PUBLICO ESTADUAL;93520;GOVERNO DO ESTADO RONDONIA
93620;GOVERNO DO ESTADO DE RORAIMA;ESTADO/RR;10;SERVICO PUBLICO ESTADUAL;93620;GOVERNO DO ESTADO DE RORAIMA
93720;GOVERNO DO ESTADO DE TOCANTINS;ESTADO/TO;10;SERVICO PUBLICO ESTADUAL;93720;GOVERNO DO ESTADO DE TOCANTINS
94220;GOVERNO DO ESTADO DO PIAUI;ESTADO/PI;10;SERVICO PUBLICO ESTADUAL;94220;GOVERNO DO ESTADO DO PIAUI
94320;GOVERNO DO ESTADO DO CEARA;ESTADO/CE;10;SERVICO PUBLICO ESTADUAL;94320;GOVERNO DO ESTADO DO CEARA
94420;GOVERNO DO ESTADO DO RIO GRANDE DO NORTE;ESTADO/RN;10;SERVICO PUBLICO ESTADUAL;94420;GOVERNO DO ESTADO DO RIO GRANDE DO NORTE
94520;GOVERNO DO ESTADO DA PARAIBA;ESTADO/PB;10;SERVICO PUBLICO ESTADUAL;94520;GOVERNO DO ESTADO DA PARAIBA
94620;GOVERNO DO ESTADO DE PERNAMBUCO;ESTADO/PE;10;SERVICO PUBLICO ESTADUAL;94620;GOVERNO DO ESTADO DE PERNAMBUCO
94720;GOVERNO DO ESTADO DE ALAGOAS;ESTADO/AL;10;SERVICO PUBLICO ESTADUAL;94720;GOVERNO DO ESTADO DE ALAGOAS
94820;GOVERNO DO ESTADO DE SERGIPE;ESTADO/SE;10;SERVICO PUBLICO ESTADUAL;94820;GOVERNO DO ESTADO DE SERGIPE
94920;GOVERNO DO ESTADO DA BAHIA;ESTADO/BA;10;SERVICO PUBLICO ESTADUAL;94920;GOVERNO DO ESTADO DA BAHIA
95120;GOVERNO DO ESTADO DE MINAS GERAIS;ESTADO/MG;10;SERVICO PUBLICO ESTADUAL;95120;GOVERNO DO ESTADO DE MINAS GERAIS
95220;GOVERNO DO ESTADO DO ESPIRITO SANTO;ESTADO/ES;10;SERVICO PUBLICO ESTADUAL;95220;GOVERNO DO ESTADO DO ESPIRITO SANTO
95320;GOVERNO DO ESTADO DO RIO DE JANEIRO;ESTADO/RJ;10;SERVICO PUBLICO ESTADUAL;95320;GOVERNO DO ESTADO DO RIO DE JANEIRO
95420;GOVERNO DO ESTADO DE SAO PAULO;ESTADO/SP;10;SERVICO PUBLICO ESTADUAL;95420;GOVERNO DO ESTADO DE SAO PAULO
96120;GOVERNO DO ESTADO DO PARANA;ESTADO/PR;10;SERVICO PUBLICO ESTADUAL;96120;GOVERNO DO ESTADO DO PARANA
96220;GOVERNO DO ESTADO DE SANTA CATARINA;ESTADO/SC;10;SERVICO PUBLICO ESTADUAL;96220;GOVERNO DO ESTADO DE SANTA CATARINA
96320;GOVERNO DO ESTADO DO RIO GRANDE DO SUL;ESTADO/RS;10;SERVICO PUBLICO ESTADUAL;96320;GOVERNO DO ESTADO DO RIO GRANDE DO SUL
97120;GOVERNO DO ESTADO DO MATO GROSSO DO SUL;ESTADO/MS;10;SERVICO PUBLICO ESTADUAL;97120;GOVERNO DO ESTADO DO MATO GROSSO DO SUL
97220;GOVERNO DO ESTADO DO MATO GROSSO;ESTADO/MT;10;SERVICO PUBLICO ESTADUAL;97220;GOVERNO DO ESTADO DO MATO GROSSO
97320;GOVERNO DO ESTADO DE GOIAS;ESTADO/GO;10;SERVICO PUBLICO ESTADUAL;97320;GOVERNO DO ESTADO DE GOIAS
97400;GOVERNO DO DISTRITO FEDERAL;GDF;11;SERV. PUBLICO DISTRITO FEDERAL;97400;GOVERNO DO DISTRITO FEDERAL
97401;CAMARA LEGISLATIVA DO DF;CALEGISDF;11;SERV. PUBLICO DISTRITO FEDERAL;97401;CAMARA LEGISLATIVA DO DF
98000;ORGAO CENTRAL DO SIPEC;SIPEC;1;ADMINISTRACAO DIRETA FEDERAL;98000;ORGAO CENTRAL DO SIPEC
99000;TRIBUNAL REGIONAL ELEITORAL - MG;TRE-MG;1;ADMINISTRACAO DIRETA FEDERAL;99000;TRIBUNAL REGIONAL ELEITORAL - MG
99001;TRIBUNAL REGIONAL DO TRABALHO - MG;TRT-MG;1;ADMINISTRACAO DIRETA FEDERAL;99001;TRIBUNAL REGIONAL DO TRABALHO - MG
99002;TRIBUNAL REGIONAL ELEITORAL - RJ;TRE-RJ;1;ADMINISTRACAO DIRETA FEDERAL;99002;TRIBUNAL REGIONAL ELEITORAL - RJ
99003;TRIBUNAL REGIONAL DO TRABALHO - DF;TRT-DF;1;ADMINISTRACAO DIRETA FEDERAL;99003;TRIBUNAL REGIONAL DO TRABALHO - DF
99004;PROCURADORIA GERAL DA REPUBLICA;PGR;1;ADMINISTRACAO DIRETA FEDERAL;99004;PROCURADORIA GERAL DA REPUBLICA
99005;PREFEITURA MUNICIPAL DE JABOTICATUBAS-MG;PMJ-MG;7;SERVICO PUBLICO MUNICIPAL;99005;PREFEITURA MUNICIPAL DE JABOTICATUBAS-MG
99008;SERVICO DE NAVEGACAO DA BACIA DO PRATA;SNBP;6;SOCIEDADE ECONOMIA  MISTA;99008;SERVICO DE NAVEGACAO DA BACIA DO PRATA
99010;COMPANHIA DE PESQUISA DE REC. MINERAIS;CPRM;5;EMPRESA PUBLICA;32000;MINISTERIO DE MINAS E ENERGIA
99011;EMPRESA BRAS. INFR. EST. AEROPORTUARIA;INFRAERO;5;EMPRESA PUBLICA;49000;MINISTERIO DA INFRAESTRUTURA
99012;TRIBUNAL REGIONAL ELEITORAL - MS;TRE-MS;1;ADMINISTRACAO DIRETA FEDERAL;99012;TRIBUNAL REGIONAL ELEITORAL - MS
99013;HOSPITAL DE CLINICAS DE PORTO ALEGRE;HCPA;5;EMPRESA PUBLICA;15000;MINISTERIO DA EDUCACAO
99014;INDUSTRIA DE MATERIAL BELICO DO BRASIL;IMBEL;5;EMPRESA PUBLICA;40105;MINISTERIO DA DEFESA
99015;CAMARA DOS DEPUTADOS;CD;1;ADMINISTRACAO DIRETA FEDERAL;99015;CAMARA DOS DEPUTADOS
99016;SENADO FEDERAL;SF;1;ADMINISTRACAO DIRETA FEDERAL;99016;SENADO FEDERAL
99017;TRIBUNAL REGIONAL ELEITORAL - PR;TRE-PR;1;ADMINISTRACAO DIRETA FEDERAL;99017;TRIBUNAL REGIONAL ELEITORAL - PR
99018;TRIBUNAL REGIONAL ELEITORAL - ES;TRE-ES;1;ADMINISTRACAO DIRETA FEDERAL;99018;TRIBUNAL REGIONAL ELEITORAL - ES
99019;TRIBUNAL REGIONAL ELEITORAL - SE;TRE-SE;1;ADMINISTRACAO DIRETA FEDERAL;99019;TRIBUNAL REGIONAL ELEITORAL - SE
99020;TRIBUNAL REGIONAL ELEITORAL - RN;TRE-RN;1;ADMINISTRACAO DIRETA FEDERAL;99020;TRIBUNAL REGIONAL ELEITORAL - RN
99021;TRIBUNAL REGIONAL ELEITORAL - PB;TRE-PB;1;ADMINISTRACAO DIRETA FEDERAL;99021;TRIBUNAL REGIONAL ELEITORAL - PB
99022;TRIBUNAL REGIONAL ELEITORAL - PI;TRE-PI;1;ADMINISTRACAO DIRETA FEDERAL;99022;TRIBUNAL REGIONAL ELEITORAL - PI
99023;TRIBUNAL REGIONAL ELEITORAL - AC;TRE-AC;1;ADMINISTRACAO DIRETA FEDERAL;99023;TRIBUNAL REGIONAL ELEITORAL - AC
99024;TRIBUNAL REGIONAL ELEITORAL - AL;TRE-AL;1;ADMINISTRACAO DIRETA FEDERAL;99024;TRIBUNAL REGIONAL ELEITORAL - AL
99025;TRIBUNAL REGIONAL ELEITORAL - AM;TRE-AM;1;ADMINISTRACAO DIRETA FEDERAL;99025;TRIBUNAL REGIONAL ELEITORAL - AM
99026;TRIBUNAL REGIONAL ELEITORAL - CE;TRE-CE;1;ADMINISTRACAO DIRETA FEDERAL;99026;TRIBUNAL REGIONAL ELEITORAL - CE
99027;TRIBUNAL REGIONAL ELEITORAL - MA;TRE-MA;1;ADMINISTRACAO DIRETA FEDERAL;99027;TRIBUNAL REGIONAL ELEITORAL - MA
99028;TRIBUNAL REGIONAL FEDERAL;TRF;1;ADMINISTRACAO DIRETA FEDERAL;99028;TRIBUNAL REGIONAL FEDERAL
99029;TRIBUNAL REGIONAL ELEITORAL - PA;TRE-PA;1;ADMINISTRACAO DIRETA FEDERAL;99029;TRIBUNAL REGIONAL ELEITORAL - PA
99030;TRIBUNAL REGIONAL ELEITORAL - PE;TRE-PE;1;ADMINISTRACAO DIRETA FEDERAL;99030;TRIBUNAL REGIONAL ELEITORAL - PE
99032;TRIBUNAL REGIONAL ELEITORAL - DF;TRE-DF;1;ADMINISTRACAO DIRETA FEDERAL;99032;TRIBUNAL REGIONAL ELEITORAL - DF
99033;PREFEITURA MUNICIPAL DE PORTO VELHO-RO;PMPV-RO;7;SERVICO PUBLICO MUNICIPAL;99033;PREFEITURA MUNICIPAL DE PORTO VELHO-RO
99034;TRIBUNAL REGIONAL FEDERAL 1A REGIAO / DF;TRF-DF;1;ADMINISTRACAO DIRETA FEDERAL;99034;TRIBUNAL REGIONAL FEDERAL 1A REGIAO / DF
99035;PREFEITURA MUNICIPAL DE MUNDO NOVO - MS;PMMUNDO-MS;7;SERVICO PUBLICO MUNICIPAL;99035;PREFEITURA MUNICIPAL DE MUNDO NOVO - MS
99036;PREFEITURA MUNICIPAL DE ARACAJU - SE;PREFMUAR-S;7;SERVICO PUBLICO MUNICIPAL;99036;PREFEITURA MUNICIPAL DE ARACAJU - SE
99037;PREFEITURA MUNICIPAL DE MARINGA - PR;PREF.MARIN;7;SERVICO PUBLICO MUNICIPAL;99037;PREFEITURA MUNICIPAL DE MARINGA - PR
99038;PREFEITURA MUNICIPAL DE BAIA FORMOSA/RN;PMBF/RN;7;SERVICO PUBLICO MUNICIPAL;99038;PREFEITURA MUNICIPAL DE BAIA FORMOSA/RN
99039;PREFEITURA MUNICIPAL DE ALTOS - PI;PMALTOS-PI;7;SERVICO PUBLICO MUNICIPAL;99039;PREFEITURA MUNICIPAL DE ALTOS - PI
99040;PREFEITURA MUNICIPAL DE FORTALEZA / CE;PMFORTALEZ;7;SERVICO PUBLICO MUNICIPAL;99040;PREFEITURA MUNICIPAL DE FORTALEZA / CE
99041;ASSEMBLEIA LEGISLATIVA - CE;ASLEG/CE;10;SERVICO PUBLICO ESTADUAL;99041;ASSEMBLEIA LEGISLATIVA - CE
99042;TRIBUNAL REGIONAL DO TRABALHO - MS;TRT/MS;1;ADMINISTRACAO DIRETA FEDERAL;99042;TRIBUNAL REGIONAL DO TRABALHO - MS
99043;PREFEITURA MUNIC CACHOEIRA ITAPEMIRIM/ES;PMCI/ES;7;SERVICO PUBLICO MUNICIPAL;99043;PREFEITURA MUNIC CACHOEIRA ITAPEMIRIM/ES
99044;TRIBUNAL DE JUSTICA DO EST DE RONDONIA;TJ/RO;10;SERVICO PUBLICO ESTADUAL;99044;TRIBUNAL DE JUSTICA DO EST DE RONDONIA
99045;PREFEITURA MUNICIPAL DE VITORIA/ES;PMV-ES;7;SERVICO PUBLICO MUNICIPAL;99045;PREFEITURA MUNICIPAL DE VITORIA/ES
99046;PREFEITURA MUNICIPAL DE BAURU - SP;PREFBAURU;7;SERVICO PUBLICO MUNICIPAL;99046;PREFEITURA MUNICIPAL DE BAURU - SP
99047;TRIBUNAL SUPERIOR ELEITORAL;TSE;1;ADMINISTRACAO DIRETA FEDERAL;99047;TRIBUNAL SUPERIOR ELEITORAL
99048;TRIBUNAL DE JUSTICA DO DF E TERRITORIOS;TJDF/TERRI;1;ADMINISTRACAO DIRETA FEDERAL;99048;TRIBUNAL DE JUSTICA DO DF E TERRITORIOS
99049;TRIBUNAL REGIONAL TRABALHO - 15A. REGIAO;TRT-CAMPIN;1;ADMINISTRACAO DIRETA FEDERAL;99049;TRIBUNAL REGIONAL TRABALHO - 15A. REGIAO
99050;TRIBUNAL REGIONAL DO TRABALHO - AL;TRT-AL;10;SERVICO PUBLICO ESTADUAL;99050;TRIBUNAL REGIONAL DO TRABALHO - AL
99051;PREFEITURA MUNICIPAL DE CACOAL - RO;PMCACOAL/R;7;SERVICO PUBLICO MUNICIPAL;99051;PREFEITURA MUNICIPAL DE CACOAL - RO
99052;TRIBUNAL REGIONAL DO TRABALHO-MT;TRT-MT;10;SERVICO PUBLICO ESTADUAL;99052;TRIBUNAL REGIONAL DO TRABALHO-MT
99053;TRIBUNAL REGIONAL FEDERAL 5A REGIAO/PE;TRF/PE;1;ADMINISTRACAO DIRETA FEDERAL;99053;TRIBUNAL REGIONAL FEDERAL 5A REGIAO/PE
99054;PREFEITURA MUNICIPAL;PREFEITURA;7;SERVICO PUBLICO MUNICIPAL;99054;PREFEITURA MUNICIPAL
99056;PREFEITURA MUNICIPAL DE NIQUELANDIA - GO;PREFMUNNIQ;7;SERVICO PUBLICO MUNICIPAL;99056;PREFEITURA MUNICIPAL DE NIQUELANDIA - GO
99057;TELECOMUNICACOES DE BRASILIA;TELEBRASIL;5;EMPRESA PUBLICA;99057;TELECOMUNICACOES DE BRASILIA
99058;COMPANHIA DOCAS DE SAO PAULO;CODESP;5;EMPRESA PUBLICA;49000;MINISTERIO DA INFRAESTRUTURA
99059;CENTRAIS ELETRICAS NORTE BRASIL;ELETRONORT;5;EMPRESA PUBLICA;99059;CENTRAIS ELETRICAS NORTE BRASIL
99060;COMPANHIA ENERGETICA DE BRASILIA;CEB;5;EMPRESA PUBLICA;99060;COMPANHIA ENERGETICA DE BRASILIA
99061;COMP DOCAS DO ESTADO DO RIO DE JANEIRO;CODERJ;5;EMPRESA PUBLICA;49000;MINISTERIO DA INFRAESTRUTURA
99062;COMP DOCAS DO ESTADO DA BAHIA;CODEBA;5;EMPRESA PUBLICA;49000;MINISTERIO DA INFRAESTRUTURA
99063;ADMINISTRACAO DO PORTO DE MANAUS;CODOMAR;5;EMPRESA PUBLICA;49000;MINISTERIO DA INFRAESTRUTURA
99064;CAMARA MUNICIPAL DE MACAE;CAMUNIMACA;7;SERVICO PUBLICO MUNICIPAL;99064;CAMARA MUNICIPAL DE MACAE
99065;COORD EMP INCORP DO PATRIMONIO NACIONAL;CEIPN;1;ADMINISTRACAO DIRETA FEDERAL;99065;COORD EMP INCORP DO PATRIMONIO NACIONAL
99066;TRIBUNAL REGIONAL DO TRABALHO - ES;TRT-ES;10;SERVICO PUBLICO ESTADUAL;99066;TRIBUNAL REGIONAL DO TRABALHO - ES
99067;PREFEITURA MNICIPAL DE PRATAPOLIS/MG;PMPTA/MG;7;SERVICO PUBLICO MUNICIPAL;99067;PREFEITURA MNICIPAL DE PRATAPOLIS/MG
99068;PREFEITURA MUNICIPAL DE RECIFE/PE;PRECIFE/PE;7;SERVICO PUBLICO MUNICIPAL;99068;PREFEITURA MUNICIPAL DE RECIFE/PE
99069;TRIBUNAL REGIONAL FEDERAL 3A REGIAO/SP;TRF/SP;1;ADMINISTRACAO DIRETA FEDERAL;99069;TRIBUNAL REGIONAL FEDERAL 3A REGIAO/SP
99070;TRIBUNAL REGIONAL DO TRABALHO / BA;TRT/BA;1;ADMINISTRACAO DIRETA FEDERAL;99070;TRIBUNAL REGIONAL DO TRABALHO / BA
99071;ASSEMBLEIA LEGISLATIVA / PE;ASSLEG/PE;10;SERVICO PUBLICO ESTADUAL;99071;ASSEMBLEIA LEGISLATIVA / PE
99072;GOVERNO DO DISTRITO FEDERAL;GDF;10;SERVICO PUBLICO ESTADUAL;99072;GOVERNO DO DISTRITO FEDERAL
99080;TRIBUNAL DE ALCADA EM MINAS GERAIS;TA/MG;1;ADMINISTRACAO DIRETA FEDERAL;99080;TRIBUNAL DE ALCADA EM MINAS GERAIS
99100;TRIBUNAL REGIONAL TRABALHO 3A REGIAO/BH;TRT/3AR/BH;1;ADMINISTRACAO DIRETA FEDERAL;99100;TRIBUNAL REGIONAL TRABALHO 3A REGIAO/BH
99131;PREFEITURA DE SAO PAULO/SP;PMSP;7;SERVICO PUBLICO MUNICIPAL;99131;PREFEITURA DE SAO PAULO/SP
99132;PREFEITURA DE SAO LUIZ/MA;PREF/SLUIZ;7;SERVICO PUBLICO MUNICIPAL;99132;PREFEITURA DE SAO LUIZ/MA
99133;TRIBUNAL DE JUSTICA;TJ;1;ADMINISTRACAO DIRETA FEDERAL;99133;TRIBUNAL DE JUSTICA
99300;COMPANHIA DE GERAC TERMIC DE ENERGIA ELE;COGETEEL;3;AUTARQUIA FEDERAL;99300;COMPANHIA DE GERAC TERMIC DE ENERGIA ELE
99607;ASSEMBLEIA LEGISLATIVA - RJ;ASSLEG-RJ;10;SERVICO PUBLICO ESTADUAL;99607;ASSEMBLEIA LEGISLATIVA - RJ
99901;CONSELHO DE JUSTICA FEDERAL;CJF;9;AUTARQUIA ESPECIAL;99901;CONSELHO DE JUSTICA FEDERAL
99904;JUSTICA ELEITORAL;JE;1;ADMINISTRACAO DIRETA FEDERAL;99904;JUSTICA ELEITORAL
99905;TRIBUNAL REGIONAL DO TRABALHO;TRT;1;ADMINISTRACAO DIRETA FEDERAL;99905;TRIBUNAL REGIONAL DO TRABALHO
99990;ESTADOS/MUNICIPIOS/ADM.DIR-AUT/FUNDACOES;E/M/AD.A.F;1;ADMINISTRACAO DIRETA FEDERAL;99990;ESTADOS/MUNICIPIOS/ADM.DIR-AUT/FUNDACOES
99991;ESTADOS / MUNICIPIOS / EMPRESAS;E/M/EMPRES;5;EMPRESA PUBLICA;99991;ESTADOS / MUNICIPIOS / EMPRESAS
99992;JUSTICA FEDERAL;JF;1;ADMINISTRACAO DIRETA FEDERAL;99992;JUSTICA FEDERAL
